name,is_company,company_name,country_id,state_id,zip,city,street,street2,phone,mobile,email,vat,bank_ids/bank,bank_ids/acc_number
Chu Phương Anh,False,,Việt Nam,,56104,Đồng Nai,Số 186 Đường Chu,,0896103509,,chu.phuong.anh@gmail.com,CC7016897691,ACB,5527974831
Ngô Thành Khánh,False,,Việt Nam,,46391,Đà Lạt,Số 387 Đường Ngô,,0800758318,,ngo.thanh.khanh@gmail.com,CC7603742222,Nam A bank,5259769161
Phạm Thùy Hương,False,,Việt Nam,,80105,Lai Châu,Số 748 Đường Phạm,,0458495601,,pham.thuy.huong@gmail.com,CC7742718344,Vietcombank,2416275514
Chu Tú Cường,False,,Việt Nam,,38046,Hồ Chí Minh,Số 780 Đường Chu,,0591369573,,chu.tu.cuong@gmail.com,CC1134580352,TP Bank,9620552033
Trần Yến Giang,False,,Việt Nam,,56141,Đà Lạt,Số 529 Đường Trần,,0689656753,,tran.yen.giang@gmail.com,CC7290726229,Sacombank,5388806128
Chu Quang Nhi,False,,Việt Nam,,77668,Điện Biên,Số 321 Đường Chu,,0160389226,,chu.quang.nhi@gmail.com,CC4703738583,OCB,5933454238
Hồ Văn Quốc,False,,Việt Nam,,69233,Đà Nẵng,Số 779 Đường Hồ,,0220180380,,ho.van.quoc@gmail.com,CC2235242368,Exim Bank,3068270881
Lê Thị Bình,False,,Việt Nam,,29549,Bình Thuận,Số 175 Đường Lê,,0748821540,,le.thi.binh@gmail.com,CC1715492903,Techcombank,9680358347
Phạm Thùy Anh,False,,Việt Nam,,72122,Đà Lạt,Số 361 Đường Phạm,,0530656624,,pham.thuy.anh@gmail.com,CC4263753580,TP Bank,9736524556
Dương Hồng Thuận,False,,Việt Nam,,73109,Hồ Chí Minh,Số 204 Đường Dương,,0331579340,,duong.hong.thuan@gmail.com,CC8011838837,Vietcombank,2667639171
Hoàng Quang Bình,False,,Việt Nam,,87816,Thừa Thiên - Huế,Số 514 Đường Hoàng,,0366421862,,hoang.quang.binh@gmail.com,CC1343090433,Nam A bank,6264816559
Trần Thành Anh,False,,Việt Nam,,77539,Hà Nội,Số 483 Đường Trần,,0522847954,,tran.thanh.anh@gmail.com,CC6036346241,Vietcombank,1456079975
Hoàng Linh Tùng,False,,Việt Nam,,57736,Ninh Bình,Số 175 Đường Hoàng,,0153038748,,hoang.linh.tung@gmail.com,CC1239517497,TP Bank,1525618792
Mai Văn Chi,False,,Việt Nam,,21749,Cà Mau,Số 783 Đường Mai,,0190774997,,mai.van.chi@gmail.com,CC6885687649,VietinBank,3496854622
Phan Linh Nhi,False,,Việt Nam,,59946,Quảng Bình,Số 988 Đường Phan,,0230679585,,phan.linh.nhi@gmail.com,CC1362693159,Techcombank,9776753999
Hoàng Minh Hiếu,False,,Việt Nam,,62735,Cà Mau,Số 294 Đường Hoàng,,0295597578,,hoang.minh.hieu@gmail.com,CC7047652765,MB Bank,8475157412
Tạ Đức Trang,False,,Việt Nam,,34573,Hồ Chí Minh,Số 156 Đường Tạ,,0461388473,,ta.đuc.trang@gmail.com,CC9573439604,Exim Bank,1656736315
Hoàng Bích Sơn,False,,Việt Nam,,69589,Hải Phòng,Số 978 Đường Hoàng,,0891445872,,hoang.bich.son@gmail.com,CC9089606947,MSB,9168919489
Dương Linh Anh,False,,Việt Nam,,77750,Hải Phòng,Số 611 Đường Dương,,0485877693,,duong.linh.anh@gmail.com,CC6950038931,ACB,5500550082
Hoàng Quốc Khánh,False,,Việt Nam,,41621,Đồng Nai,Số 238 Đường Hoàng,,0444465070,,hoang.quoc.khanh@gmail.com,CC5124803087,TP Bank,8314609408
Lê Linh Thủy,False,,Việt Nam,,49087,Lâm Đồng,Số 546 Đường Lê,,0177913811,,le.linh.thuy@gmail.com,CC9052667128,ACB,6006848859
Đặng Thanh Giang,False,,Việt Nam,,97682,Hồ Chí Minh,Số 270 Đường Đặng,,0971980693,,đang.thanh.giang@gmail.com,CC8393597081,MSB,2026315654
Hoàng Dương Tùng,False,,Việt Nam,,73391,Quảng Ninh,Số 751 Đường Hoàng,,0882106209,,hoang.duong.tung@gmail.com,CC8054149434,TP Bank,7229446141
Lê Kim Cường,False,,Việt Nam,,34643,Quảng Bình,Số 750 Đường Lê,,0701832978,,le.kim.cuong@gmail.com,CC7022360360,BIDV,9822948079
Trần Kim Cường,False,,Việt Nam,,28621,Lai Châu,Số 438 Đường Trần,,0672714500,,tran.kim.cuong@gmail.com,CC1311534982,MSB,8634148510
Trần Văn Dũng,False,,Việt Nam,,70350,Hà Giang,Số 438 Đường Trần,,0152318956,,tran.van.dung@gmail.com,CC3614911492,Vietcombank,4313829938
Trần Đức Anh,False,,Việt Nam,,93437,Hà Nội,Số 649 Đường Trần,,0105717488,,tran.đuc.anh@gmail.com,CC9335377446,ACB,1036065228
Phan Yến Hiếu,False,,Việt Nam,,85985,Cà Mau,Số 457 Đường Phan,,0371981895,,phan.yen.hieu@gmail.com,CC6539104948,OCB,8641242521
Hoàng Minh Quốc,False,,Việt Nam,,46795,Bình Thuận,Số 118 Đường Hoàng,,0505087090,,hoang.minh.quoc@gmail.com,CC5820632122,ACB,6332054940
Dương Bích Sơn,False,,Việt Nam,,47028,Quảng Ninh,Số 176 Đường Dương,,0606059132,,duong.bich.son@gmail.com,CC9413445603,TP Bank,2730821541
Lê Thành Quốc,False,,Việt Nam,,16457,Quảng Ngãi,Số 532 Đường Lê,,0527320800,,le.thanh.quoc@gmail.com,CC7022275428,TP Bank,6599517836
Hoàng Thùy Anh,False,,Việt Nam,,51898,Cà Mau,Số 286 Đường Hoàng,,0587186231,,hoang.thuy.anh@gmail.com,CC9884171449,VietinBank,9161279357
Phan Hồng Tùng,False,,Việt Nam,,62355,Bình Dương,Số 191 Đường Phan,,0931731138,,phan.hong.tung@gmail.com,CC7045106771,ACB,4701945197
Đặng Bích Thủy,False,,Việt Nam,,36281,Đà Nẵng,Số 859 Đường Đặng,,0105089222,,đang.bich.thuy@gmail.com,CC4173380358,Sacombank,4465432831
Hồ Ngọc Quốc,False,,Việt Nam,,36425,Cà Mau,Số 217 Đường Hồ,,0613743939,,ho.ngoc.quoc@gmail.com,CC6483746764,MB Bank,5503094014
Mai Quang Khánh,False,,Việt Nam,,84539,Hồ Chí Minh,Số 439 Đường Mai,,0778614502,,mai.quang.khanh@gmail.com,CC6616266688,OCB,7262592211
Ngô Ngọc Quân,False,,Việt Nam,,30834,Hà Nội,Số 999 Đường Ngô,,0123269052,,ngo.ngoc.quan@gmail.com,CC1853058507,OCB,7775536559
Phạm Thị Châu,False,,Việt Nam,,82307,Hà Nội,Số 950 Đường Phạm,,0955015328,,pham.thi.chau@gmail.com,CC1124497532,VietinBank,5774712245
Võ Yến Trang,False,,Việt Nam,,78623,Hồ Chí Minh,Số 317 Đường Võ,,0643710433,,vo.yen.trang@gmail.com,CC3446560920,Vietcombank,1886437868
Mai Văn Khánh,False,,Việt Nam,,64151,Hà Giang,Số 533 Đường Mai,,0420088406,,mai.van.khanh@gmail.com,CC9589549992,OCB,2542245364
Chu Đức Bảo,False,,Việt Nam,,79114,Ninh Thuận,Số 625 Đường Chu,,0435264178,,chu.đuc.bao@gmail.com,CC3335852541,Nam A bank,7080594639
Ngô Dương Quang,False,,Việt Nam,,11478,Ninh Bình,Số 199 Đường Ngô,,0820824703,,ngo.duong.quang@gmail.com,CC9742426987,MSB,7699735065
Trần Yến Sơn,False,,Việt Nam,,86637,Điện Biên,Số 499 Đường Trần,,0523733562,,tran.yen.son@gmail.com,CC7130809462,Exim Bank,4039655979
Võ Ngọc Quân,False,,Việt Nam,,42995,Bình Thuận,Số 8 Đường Võ,,0797394032,,vo.ngoc.quan@gmail.com,CC9014964078,TP Bank,7390185947
Ngô Dương Giang,False,,Việt Nam,,16239,Hồ Chí Minh,Số 108 Đường Ngô,,0601466829,,ngo.duong.giang@gmail.com,CC7042152357,MB Bank,5194924419
Đặng Dương Hương,False,,Việt Nam,,93711,Cà Mau,Số 424 Đường Đặng,,0650060639,,đang.duong.huong@gmail.com,CC8098123177,MB Bank,6175553003
Huỳnh Đức Thủy,False,,Việt Nam,,79679,Lai Châu,Số 604 Đường Huỳnh,,0244885620,,huynh.đuc.thuy@gmail.com,CC2667611339,MB Bank,8066002464
Võ Đức Long,False,,Việt Nam,,10947,Cà Mau,Số 30 Đường Võ,,0380001246,,vo.đuc.long@gmail.com,CC3493262191,ACB,8787556928
Dương Đức Trung,False,,Việt Nam,,80762,Bình Dương,Số 918 Đường Dương,,0763201600,,duong.đuc.trung@gmail.com,CC9430853080,Vietcombank,1185268526
Ngô Dương Vy,False,,Việt Nam,,85174,Cần Thơ,Số 584 Đường Ngô,,0643822278,,ngo.duong.vy@gmail.com,CC2293460794,BIDV,3843321030
Huỳnh Bích Liên,False,,Việt Nam,,50439,Đà Nẵng,Số 579 Đường Huỳnh,,0291833894,,huynh.bich.lien@gmail.com,CC5425918115,Techcombank,3124742077
Trần Thùy Trang,False,,Việt Nam,,41774,Đà Nẵng,Số 17 Đường Trần,,0936628241,,tran.thuy.trang@gmail.com,CC1071956689,Nam A bank,3638269802
Phạm Linh Chi,False,,Việt Nam,,64801,Phú Yên,Số 695 Đường Phạm,,0831704341,,pham.linh.chi@gmail.com,CC7947133986,VietinBank,6274202808
Lê Văn Thịnh,False,,Việt Nam,,45895,Quảng Nam,Số 184 Đường Lê,,0423232793,,le.van.thinh@gmail.com,CC7931921081,Nam A bank,7993274129
Lê Tú Trung,False,,Việt Nam,,79445,Đà Nẵng,Số 518 Đường Lê,,0276160398,,le.tu.trung@gmail.com,CC8665260453,MSB,3318393383
Võ Quốc Thủy,False,,Việt Nam,,69369,Hải Phòng,Số 796 Đường Võ,,0236418370,,vo.quoc.thuy@gmail.com,CC4632571459,BIDV,4633003901
Hồ Tú Giang,False,,Việt Nam,,97787,Hà Nội,Số 347 Đường Hồ,,0539032778,,ho.tu.giang@gmail.com,CC4742783120,Exim Bank,4938335223
Võ Đức Trang,False,,Việt Nam,,11922,Bình Dương,Số 987 Đường Võ,,0155362670,,vo.đuc.trang@gmail.com,CC7774943661,MSB,7366563804
Hoàng Kim Giang,False,,Việt Nam,,73561,Ninh Bình,Số 769 Đường Hoàng,,0616485160,,hoang.kim.giang@gmail.com,CC6080819275,Techcombank,6260694954
Dương Thị Anh,False,,Việt Nam,,39681,Hải Phòng,Số 918 Đường Dương,,0272057439,,duong.thi.anh@gmail.com,CC2521311548,OCB,1693951049
Ngô Đức Giang,False,,Việt Nam,,42616,Quảng Bình,Số 380 Đường Ngô,,0690024474,,ngo.đuc.giang@gmail.com,CC8625372895,BIDV,4454337076
Nguyễn Thành Anh,False,,Việt Nam,,57671,Bình Thuận,Số 485 Đường Nguyễn,,0570288763,,nguyen.thanh.anh@gmail.com,CC3551247451,Techcombank,3553439219
Nguyễn Đức Bình,False,,Việt Nam,,60790,Ninh Thuận,Số 323 Đường Nguyễn,,0373284255,,nguyen.đuc.binh@gmail.com,CC1781133778,Vietcombank,3773970463
Đỗ Thành Anh,False,,Việt Nam,,54986,Hồ Chí Minh,Số 527 Đường Đỗ,,0967218671,,đo.thanh.anh@gmail.com,CC9712304926,VietinBank,4369446042
Lê Đức Hà,False,,Việt Nam,,23255,Ninh Thuận,Số 741 Đường Lê,,0637400185,,le.đuc.ha@gmail.com,CC1974202497,MSB,9551852755
Đỗ Quang Nhi,False,,Việt Nam,,32345,Ninh Bình,Số 998 Đường Đỗ,,0815543874,,đo.quang.nhi@gmail.com,CC7935023610,VietinBank,2203926504
Phạm Văn Hiếu,False,,Việt Nam,,95909,Ninh Thuận,Số 330 Đường Phạm,,0865456692,,pham.van.hieu@gmail.com,CC6054872772,TP Bank,9357988760
Tạ Thành Anh,False,,Việt Nam,,89805,Lai Châu,Số 604 Đường Tạ,,0519994208,,ta.thanh.anh@gmail.com,CC4707952678,TP Bank,1254398349
Võ Tú Hương,False,,Việt Nam,,31751,Quảng Bình,Số 422 Đường Võ,,0857118955,,vo.tu.huong@gmail.com,CC6893410938,ACB,6410764117
Võ Minh Liên,False,,Việt Nam,,32224,Ninh Thuận,Số 518 Đường Võ,,0377078587,,vo.minh.lien@gmail.com,CC4007463164,VietinBank,7840994421
Phan Quốc Anh,False,,Việt Nam,,83463,Quảng Ngãi,Số 536 Đường Phan,,0287340886,,phan.quoc.anh@gmail.com,CC8659565502,Techcombank,6662622264
Võ Ngọc Khánh,False,,Việt Nam,,59339,Cần Thơ,Số 888 Đường Võ,,0929229403,,vo.ngoc.khanh@gmail.com,CC1490992945,Techcombank,5866569769
Mai Kim Tùng,False,,Việt Nam,,51038,Kiên Giang,Số 728 Đường Mai,,0546780417,,mai.kim.tung@gmail.com,CC8800649444,BIDV,6804848527
Trần Đức Anh,False,,Việt Nam,,70104,Hà Giang,Số 216 Đường Trần,,0731571064,,tran.đuc.anh@gmail.com,CC2574067684,BIDV,1888911097
Mai Văn Hương,False,,Việt Nam,,17721,Hồ Chí Minh,Số 411 Đường Mai,,0230529035,,mai.van.huong@gmail.com,CC4150518285,MSB,7943045690
Võ Đức Hiếu,False,,Việt Nam,,59986,Hà Nội,Số 854 Đường Võ,,0831732374,,vo.đuc.hieu@gmail.com,CC3868064556,Sacombank,6086081058
Võ Tú Chi,False,,Việt Nam,,19153,Ninh Thuận,Số 699 Đường Võ,,0673522410,,vo.tu.chi@gmail.com,CC6560885096,MB Bank,7339438117
Ngô Thùy Trung,False,,Việt Nam,,42408,Lai Châu,Số 106 Đường Ngô,,0166020900,,ngo.thuy.trung@gmail.com,CC1268679470,ACB,4011266318
Dương Thanh Khánh,False,,Việt Nam,,14133,Lâm Đồng,Số 933 Đường Dương,,0570957711,,duong.thanh.khanh@gmail.com,CC9430952071,Exim Bank,5452701886
Trần Thành Thịnh,False,,Việt Nam,,61606,Phú Yên,Số 238 Đường Trần,,0888418193,,tran.thanh.thinh@gmail.com,CC3979182520,OCB,4059541395
Hoàng Minh Hiếu,False,,Việt Nam,,50898,Đồng Nai,Số 2 Đường Hoàng,,0449899049,,hoang.minh.hieu@gmail.com,CC7545540916,VietinBank,2988630223
Ngô Đức Cường,False,,Việt Nam,,75652,Cần Thơ,Số 491 Đường Ngô,,0525973527,,ngo.đuc.cuong@gmail.com,CC5357079503,BIDV,2218925702
Phan Dương Trang,False,,Việt Nam,,37045,Hồ Chí Minh,Số 881 Đường Phan,,0393597398,,phan.duong.trang@gmail.com,CC9542783211,Nam A bank,4640340391
Hồ Thùy Chi,False,,Việt Nam,,41801,Ninh Bình,Số 616 Đường Hồ,,0293785364,,ho.thuy.chi@gmail.com,CC7117466074,Sacombank,2203206305
Tạ Đức Sơn,False,,Việt Nam,,17500,Quảng Ninh,Số 187 Đường Tạ,,0620083838,,ta.đuc.son@gmail.com,CC7812799611,Sacombank,1318329926
Huỳnh Văn Bảo,False,,Việt Nam,,61078,Quảng Nam,Số 406 Đường Huỳnh,,0817591620,,huynh.van.bao@gmail.com,CC2567095736,Exim Bank,2002266065
Dương Thanh Thắng,False,,Việt Nam,,21067,An Giang,Số 605 Đường Dương,,0404327490,,duong.thanh.thang@gmail.com,CC1784486113,Sacombank,9817587546
Tạ Đức Chi,False,,Việt Nam,,21482,Hồ Chí Minh,Số 324 Đường Tạ,,0631693448,,ta.đuc.chi@gmail.com,CC6292537925,OCB,6439087841
Lý Quốc Trang,False,,Việt Nam,,20753,Hải Phòng,Số 468 Đường Lý,,0180287290,,ly.quoc.trang@gmail.com,CC4415668243,Sacombank,2864398564
Trần Quang Chi,False,,Việt Nam,,29979,An Giang,Số 630 Đường Trần,,0947928414,,tran.quang.chi@gmail.com,CC2845959055,MB Bank,1897593476
Phạm Thùy Chi,False,,Việt Nam,,12536,Bình Dương,Số 511 Đường Phạm,,0422574392,,pham.thuy.chi@gmail.com,CC5067844265,Sacombank,8942484544
Mai Bích Cường,False,,Việt Nam,,44295,Quảng Ngãi,Số 466 Đường Mai,,0965055551,,mai.bich.cuong@gmail.com,CC6142277158,Techcombank,3384295848
Phạm Dương Nhi,False,,Việt Nam,,23624,Bình Thuận,Số 411 Đường Phạm,,0148822676,,pham.duong.nhi@gmail.com,CC7750040353,Sacombank,4896055835
Huỳnh Yến Thắng,False,,Việt Nam,,76624,Lâm Đồng,Số 111 Đường Huỳnh,,0994007538,,huynh.yen.thang@gmail.com,CC8547827835,TP Bank,1071748973
Phạm Kim Hương,False,,Việt Nam,,12088,Đà Lạt,Số 397 Đường Phạm,,0949733884,,pham.kim.huong@gmail.com,CC6572886983,MSB,9555002381
Nguyễn Yến Dũng,False,,Việt Nam,,73946,Đồng Nai,Số 769 Đường Nguyễn,,0860516072,,nguyen.yen.dung@gmail.com,CC2633215207,Vietcombank,1425648555
Huỳnh Yến Quốc,False,,Việt Nam,,66415,Cà Mau,Số 757 Đường Huỳnh,,0995819705,,huynh.yen.quoc@gmail.com,CC5067382031,Nam A bank,4902515793
Chu Thanh Tùng,False,,Việt Nam,,28264,An Giang,Số 427 Đường Chu,,0662593558,,chu.thanh.tung@gmail.com,CC7745532602,Techcombank,2542284641
Hồ Kim Cường,False,,Việt Nam,,10225,Thừa Thiên - Huế,Số 705 Đường Hồ,,0606063570,,ho.kim.cuong@gmail.com,CC8468848414,Techcombank,7306907030
Phan Quốc Giang,False,,Việt Nam,,40808,Hà Giang,Số 717 Đường Phan,,0719787557,,phan.quoc.giang@gmail.com,CC5316370916,MSB,3971974646
Phan Quốc Hiếu,False,,Việt Nam,,75275,Lâm Đồng,Số 209 Đường Phan,,0564890939,,phan.quoc.hieu@gmail.com,CC3439011347,MB Bank,1707648415
Mai Dương Anh,False,,Việt Nam,,84308,Cà Mau,Số 133 Đường Mai,,0663463269,,mai.duong.anh@gmail.com,CC3387520496,Nam A bank,5937861935
Huỳnh Hồng Trang,False,,Việt Nam,,54799,Quảng Ngãi,Số 320 Đường Huỳnh,,0354946750,,huynh.hong.trang@gmail.com,CC6811001648,Sacombank,5077791066
Đặng Phương Quang,False,,Việt Nam,,29072,Đà Lạt,Số 487 Đường Đặng,,0989516666,,đang.phuong.quang@gmail.com,CC3202700215,Exim Bank,8378102782
Chu Linh Cường,False,,Việt Nam,,46195,Hà Giang,Số 151 Đường Chu,,0626856010,,chu.linh.cuong@gmail.com,CC5379723970,OCB,3599499835
Lê Kim Dũng,False,,Việt Nam,,74102,Cà Mau,Số 94 Đường Lê,,0611139109,,le.kim.dung@gmail.com,CC1709164952,Vietcombank,4106679383
Lý Đức Hà,False,,Việt Nam,,67336,Đà Nẵng,Số 402 Đường Lý,,0933936925,,ly.đuc.ha@gmail.com,CC1099622872,Sacombank,8143940207
Hồ Yến Cường,False,,Việt Nam,,36789,Quảng Nam,Số 523 Đường Hồ,,0588479398,,ho.yen.cuong@gmail.com,CC7701513976,MB Bank,2856010801
Phan Tú Liên,False,,Việt Nam,,47232,Đà Nẵng,Số 861 Đường Phan,,0838187322,,phan.tu.lien@gmail.com,CC5720895252,BIDV,1506327445
Chu Kim Thịnh,False,,Việt Nam,,80386,Ninh Bình,Số 255 Đường Chu,,0564307199,,chu.kim.thinh@gmail.com,CC7290842379,Sacombank,2839202294
Nguyễn Hồng Thủy,False,,Việt Nam,,59522,Thừa Thiên - Huế,Số 21 Đường Nguyễn,,0627269345,,nguyen.hong.thuy@gmail.com,CC9542181519,MSB,4558981469
Lê Phương Thủy,False,,Việt Nam,,18631,Đà Nẵng,Số 860 Đường Lê,,0551869393,,le.phuong.thuy@gmail.com,CC7333516236,ACB,1078807144
Trần Thanh Anh,False,,Việt Nam,,71088,Phú Yên,Số 215 Đường Trần,,0537976908,,tran.thanh.anh@gmail.com,CC1200372197,VietinBank,7344076331
Đặng Hồng Bảo,False,,Việt Nam,,97350,Đà Nẵng,Số 177 Đường Đặng,,0593257590,,đang.hong.bao@gmail.com,CC4485284328,Vietcombank,2198496808
Trần Thanh Vy,False,,Việt Nam,,87563,Lai Châu,Số 501 Đường Trần,,0870859700,,tran.thanh.vy@gmail.com,CC1448935789,BIDV,6749989776
Trần Ngọc Thủy,False,,Việt Nam,,63091,Thừa Thiên - Huế,Số 58 Đường Trần,,0828958800,,tran.ngoc.thuy@gmail.com,CC6832332232,TP Bank,4532231545
Lê Thanh Thịnh,False,,Việt Nam,,40138,An Giang,Số 573 Đường Lê,,0111219873,,le.thanh.thinh@gmail.com,CC2297722917,Vietcombank,2489895945
Dương Tú Quang,False,,Việt Nam,,22258,Hồ Chí Minh,Số 539 Đường Dương,,0780888917,,duong.tu.quang@gmail.com,CC5964559468,Techcombank,8220459289
Chu Kim Trang,False,,Việt Nam,,76892,Đà Nẵng,Số 636 Đường Chu,,0401673954,,chu.kim.trang@gmail.com,CC9919246060,VietinBank,1672754782
Đỗ Thành Anh,False,,Việt Nam,,89580,Đồng Nai,Số 20 Đường Đỗ,,0155217985,,đo.thanh.anh@gmail.com,CC4654091538,MSB,7741646444
Dương Tú Thủy,False,,Việt Nam,,49700,Lai Châu,Số 349 Đường Dương,,0516145862,,duong.tu.thuy@gmail.com,CC7413626186,MB Bank,4470981681
Đỗ Ngọc Long,False,,Việt Nam,,30165,Cần Thơ,Số 635 Đường Đỗ,,0463286765,,đo.ngoc.long@gmail.com,CC9154058146,ACB,1851571821
Lê Tú Bình,False,,Việt Nam,,32987,Hải Phòng,Số 646 Đường Lê,,0771220906,,le.tu.binh@gmail.com,CC3558438736,Techcombank,8114054611
Hoàng Đức Nhi,False,,Việt Nam,,39512,Hà Nội,Số 555 Đường Hoàng,,0460305091,,hoang.đuc.nhi@gmail.com,CC1311905459,VietinBank,6447326122
Đỗ Thị Bảo,False,,Việt Nam,,23398,Phú Yên,Số 302 Đường Đỗ,,0648694363,,đo.thi.bao@gmail.com,CC8439538209,MSB,9568273203
Trần Quốc Châu,False,,Việt Nam,,81336,Bình Thuận,Số 492 Đường Trần,,0940153988,,tran.quoc.chau@gmail.com,CC5511865236,Techcombank,2908688271
Chu Hồng Trang,False,,Việt Nam,,42549,Ninh Thuận,Số 567 Đường Chu,,0922909917,,chu.hong.trang@gmail.com,CC7255134437,MB Bank,5598443321
Võ Phương Thuận,False,,Việt Nam,,31567,Hồ Chí Minh,Số 939 Đường Võ,,0180105783,,vo.phuong.thuan@gmail.com,CC3749408972,OCB,4976660863
Huỳnh Linh Liên,False,,Việt Nam,,71119,Hải Phòng,Số 10 Đường Huỳnh,,0253014307,,huynh.linh.lien@gmail.com,CC4657208098,OCB,4220212909
Hoàng Phương Trung,False,,Việt Nam,,60433,Hà Nội,Số 402 Đường Hoàng,,0758771487,,hoang.phuong.trung@gmail.com,CC4154040402,OCB,8310166619
Hồ Thành Cường,False,,Việt Nam,,13285,Điện Biên,Số 799 Đường Hồ,,0985583282,,ho.thanh.cuong@gmail.com,CC1429616156,Nam A bank,1855598347
Đỗ Bích Anh,False,,Việt Nam,,48590,Hải Phòng,Số 519 Đường Đỗ,,0738549998,,đo.bich.anh@gmail.com,CC9226965365,BIDV,9405996658
Chu Thành Trung,False,,Việt Nam,,81193,Điện Biên,Số 299 Đường Chu,,0450151832,,chu.thanh.trung@gmail.com,CC1773437809,MB Bank,8113823513
Chu Phương Hiếu,False,,Việt Nam,,82149,Quảng Nam,Số 133 Đường Chu,,0774945879,,chu.phuong.hieu@gmail.com,CC1942391832,Nam A bank,5715412733
Đặng Tú Cường,False,,Việt Nam,,55667,Hải Phòng,Số 990 Đường Đặng,,0625580165,,đang.tu.cuong@gmail.com,CC3186912990,TP Bank,5369775634
Dương Ngọc Thuận,False,,Việt Nam,,43750,Hà Giang,Số 421 Đường Dương,,0755577841,,duong.ngoc.thuan@gmail.com,CC8504918592,OCB,7502729149
Lê Thùy Chi,False,,Việt Nam,,64411,Thừa Thiên - Huế,Số 169 Đường Lê,,0202711210,,le.thuy.chi@gmail.com,CC7880521393,MB Bank,9312861305
Trần Kim Thủy,False,,Việt Nam,,35221,Bình Thuận,Số 176 Đường Trần,,0360624932,,tran.kim.thuy@gmail.com,CC4054721816,Nam A bank,5622244859
Hoàng Văn Long,False,,Việt Nam,,95512,Lâm Đồng,Số 947 Đường Hoàng,,0863991572,,hoang.van.long@gmail.com,CC1694273790,ACB,4782944144
Phan Thành Hà,False,,Việt Nam,,76219,Hồ Chí Minh,Số 340 Đường Phan,,0572756193,,phan.thanh.ha@gmail.com,CC1533253893,Techcombank,6928539162
Hồ Kim Anh,False,,Việt Nam,,57762,Thừa Thiên - Huế,Số 613 Đường Hồ,,0880995567,,ho.kim.anh@gmail.com,CC5862905476,Vietcombank,5500361830
Phan Đức Bình,False,,Việt Nam,,22447,Cà Mau,Số 42 Đường Phan,,0632131416,,phan.đuc.binh@gmail.com,CC7175419184,BIDV,8643811798
Hồ Đức Thắng,False,,Việt Nam,,52539,Đồng Nai,Số 125 Đường Hồ,,0441449684,,ho.đuc.thang@gmail.com,CC8970724765,Vietcombank,4591099070
Hoàng Quốc Thịnh,False,,Việt Nam,,96817,Bình Thuận,Số 158 Đường Hoàng,,0171252891,,hoang.quoc.thinh@gmail.com,CC3599243653,TP Bank,8052084617
Đỗ Thùy Anh,False,,Việt Nam,,38788,Hà Nội,Số 590 Đường Đỗ,,0444614542,,đo.thuy.anh@gmail.com,CC4173761261,Sacombank,5389294824
Đặng Đức Nhi,False,,Việt Nam,,13297,Thừa Thiên - Huế,Số 508 Đường Đặng,,0302842160,,đang.đuc.nhi@gmail.com,CC2723296733,MB Bank,8931908664
Lê Yến Thuận,False,,Việt Nam,,66585,Ninh Bình,Số 315 Đường Lê,,0326742278,,le.yen.thuan@gmail.com,CC4190247853,TP Bank,1796852250
Trần Đức Hiếu,False,,Việt Nam,,35375,Đồng Nai,Số 136 Đường Trần,,0178284814,,tran.đuc.hieu@gmail.com,CC1319495647,TP Bank,9982022089
Nguyễn Dương Giang,False,,Việt Nam,,17262,Quảng Ngãi,Số 978 Đường Nguyễn,,0998308063,,nguyen.duong.giang@gmail.com,CC3843126680,Vietcombank,9671122466
Đặng Thùy Liên,False,,Việt Nam,,51191,Ninh Thuận,Số 478 Đường Đặng,,0301571265,,đang.thuy.lien@gmail.com,CC2810547468,ACB,7625478149
Phạm Phương Châu,False,,Việt Nam,,78407,Hồ Chí Minh,Số 370 Đường Phạm,,0821545944,,pham.phuong.chau@gmail.com,CC3306510674,BIDV,6396820185
Lý Yến Nhi,False,,Việt Nam,,34818,An Giang,Số 7 Đường Lý,,0556125628,,ly.yen.nhi@gmail.com,CC4619262724,OCB,6868714999
Trần Kim Sơn,False,,Việt Nam,,59850,Điện Biên,Số 428 Đường Trần,,0426229171,,tran.kim.son@gmail.com,CC2563651550,Vietcombank,2491734886
Chu Quang Hà,False,,Việt Nam,,61917,Bình Dương,Số 855 Đường Chu,,0572762456,,chu.quang.ha@gmail.com,CC3737300856,ACB,7688941120
Đặng Kim Vy,False,,Việt Nam,,33337,Quảng Ngãi,Số 202 Đường Đặng,,0986998278,,đang.kim.vy@gmail.com,CC7588617734,Nam A bank,7451794923
Phạm Kim Anh,False,,Việt Nam,,46709,Quảng Nam,Số 532 Đường Phạm,,0770734741,,pham.kim.anh@gmail.com,CC1031989817,OCB,2568474520
Dương Thành Châu,False,,Việt Nam,,23977,Hải Phòng,Số 297 Đường Dương,,0865726427,,duong.thanh.chau@gmail.com,CC5639112859,MSB,7077320304
Ngô Bích Nhi,False,,Việt Nam,,16802,Đồng Nai,Số 737 Đường Ngô,,0108075972,,ngo.bich.nhi@gmail.com,CC5084302865,Sacombank,7075119488
Ngô Hồng Khánh,False,,Việt Nam,,94303,Quảng Nam,Số 623 Đường Ngô,,0656043335,,ngo.hong.khanh@gmail.com,CC5721222015,Techcombank,7912541474
Hồ Minh Thịnh,False,,Việt Nam,,90279,Lâm Đồng,Số 333 Đường Hồ,,0645836845,,ho.minh.thinh@gmail.com,CC6711777935,VietinBank,9109802727
Dương Hồng Nhi,False,,Việt Nam,,69237,Quảng Ninh,Số 816 Đường Dương,,0982042016,,duong.hong.nhi@gmail.com,CC1699171294,Exim Bank,1212179118
Võ Kim Quốc,False,,Việt Nam,,72279,Hà Nội,Số 849 Đường Võ,,0550394538,,vo.kim.quoc@gmail.com,CC3010514968,MSB,1981663124
Hồ Hồng Hương,False,,Việt Nam,,53732,Ninh Thuận,Số 144 Đường Hồ,,0848095085,,ho.hong.huong@gmail.com,CC2657265642,Nam A bank,1073154126
Võ Thanh Cường,False,,Việt Nam,,32835,Cần Thơ,Số 277 Đường Võ,,0356059304,,vo.thanh.cuong@gmail.com,CC7155903966,Sacombank,5931002383
Mai Đức Bảo,False,,Việt Nam,,91628,Điện Biên,Số 273 Đường Mai,,0235309654,,mai.đuc.bao@gmail.com,CC1382602185,VietinBank,8188373856
Nguyễn Văn Dũng,False,,Việt Nam,,51414,Đồng Nai,Số 703 Đường Nguyễn,,0744450299,,nguyen.van.dung@gmail.com,CC9339832021,Sacombank,4011032824
Trần Kim Anh,False,,Việt Nam,,75232,An Giang,Số 247 Đường Trần,,0434526755,,tran.kim.anh@gmail.com,CC4232930193,Vietcombank,6025057915
Trần Bích Hương,False,,Việt Nam,,30948,Lai Châu,Số 692 Đường Trần,,0194067543,,tran.bich.huong@gmail.com,CC7405395953,Techcombank,4741606400
Đỗ Thùy Thịnh,False,,Việt Nam,,39588,Đà Lạt,Số 769 Đường Đỗ,,0762406313,,đo.thuy.thinh@gmail.com,CC8906078799,TP Bank,6747118241
Võ Đức Thắng,False,,Việt Nam,,76127,Bình Thuận,Số 100 Đường Võ,,0939873528,,vo.đuc.thang@gmail.com,CC4727522482,Sacombank,3551317539
Phạm Yến Tùng,False,,Việt Nam,,55712,An Giang,Số 201 Đường Phạm,,0175901828,,pham.yen.tung@gmail.com,CC4606507116,Exim Bank,1847105014
Chu Minh Tùng,False,,Việt Nam,,63008,Điện Biên,Số 351 Đường Chu,,0836952058,,chu.minh.tung@gmail.com,CC2895335942,ACB,1764308915
Huỳnh Bích Hương,False,,Việt Nam,,58906,Lâm Đồng,Số 85 Đường Huỳnh,,0398166375,,huynh.bich.huong@gmail.com,CC5987815722,Vietcombank,9162281146
Hồ Hồng Sơn,False,,Việt Nam,,75287,Bình Thuận,Số 895 Đường Hồ,,0418096841,,ho.hong.son@gmail.com,CC5165471605,Sacombank,2736187563
Ngô Thùy Bảo,False,,Việt Nam,,32799,Kiên Giang,Số 716 Đường Ngô,,0746623966,,ngo.thuy.bao@gmail.com,CC4306351676,VietinBank,5288211864
Trần Hồng Tùng,False,,Việt Nam,,97431,Kiên Giang,Số 78 Đường Trần,,0630288663,,tran.hong.tung@gmail.com,CC5374585014,Techcombank,7127004081
Phạm Đức Hương,False,,Việt Nam,,74886,Lâm Đồng,Số 589 Đường Phạm,,0157893152,,pham.đuc.huong@gmail.com,CC4026948916,OCB,3620035435
Lý Thanh Thắng,False,,Việt Nam,,39474,Hải Phòng,Số 330 Đường Lý,,0507547115,,ly.thanh.thang@gmail.com,CC2664135412,BIDV,9311496245
Phan Yến Liên,False,,Việt Nam,,80434,Ninh Bình,Số 894 Đường Phan,,0846379583,,phan.yen.lien@gmail.com,CC6455694474,MB Bank,4688696960
Lê Quốc Khánh,False,,Việt Nam,,55016,Ninh Thuận,Số 357 Đường Lê,,0625140167,,le.quoc.khanh@gmail.com,CC7126835946,BIDV,3150166450
Chu Quang Long,False,,Việt Nam,,26221,Phú Yên,Số 991 Đường Chu,,0821424611,,chu.quang.long@gmail.com,CC5613736592,MB Bank,9875620055
Phạm Tú Trang,False,,Việt Nam,,57342,Ninh Bình,Số 668 Đường Phạm,,0492218368,,pham.tu.trang@gmail.com,CC8686282549,MSB,9973281904
Hoàng Bích Long,False,,Việt Nam,,18497,Hà Nội,Số 648 Đường Hoàng,,0481899356,,hoang.bich.long@gmail.com,CC6221470980,Nam A bank,5704049511
Chu Đức Hiếu,False,,Việt Nam,,25886,Điện Biên,Số 495 Đường Chu,,0343454952,,chu.đuc.hieu@gmail.com,CC7776500078,Techcombank,6152696328
Phan Linh Long,False,,Việt Nam,,37874,Quảng Ninh,Số 725 Đường Phan,,0540985078,,phan.linh.long@gmail.com,CC7226191770,TP Bank,5047937575
Lý Linh Trang,False,,Việt Nam,,56886,Cần Thơ,Số 464 Đường Lý,,0676694593,,ly.linh.trang@gmail.com,CC2417639004,BIDV,9520590323
Phan Thị Dũng,False,,Việt Nam,,38000,Quảng Bình,Số 7 Đường Phan,,0372324925,,phan.thi.dung@gmail.com,CC2622187544,VietinBank,6900907882
Hồ Dương Khánh,False,,Việt Nam,,42811,Hải Phòng,Số 895 Đường Hồ,,0945419784,,ho.duong.khanh@gmail.com,CC6960840025,Techcombank,9770973831
Lê Tú Trang,False,,Việt Nam,,75458,Lâm Đồng,Số 508 Đường Lê,,0109806127,,le.tu.trang@gmail.com,CC5933839566,ACB,2058913729
Hoàng Thị Thịnh,False,,Việt Nam,,31051,Quảng Nam,Số 153 Đường Hoàng,,0292027903,,hoang.thi.thinh@gmail.com,CC8089343289,Exim Bank,8758798596
Lý Thành Sơn,False,,Việt Nam,,82844,An Giang,Số 125 Đường Lý,,0979838363,,ly.thanh.son@gmail.com,CC9353895956,BIDV,7558910686
Phạm Ngọc Châu,False,,Việt Nam,,79680,Hà Giang,Số 492 Đường Phạm,,0757581051,,pham.ngoc.chau@gmail.com,CC3551187371,Nam A bank,7051732399
Phạm Thành Chi,False,,Việt Nam,,39395,Lai Châu,Số 571 Đường Phạm,,0233169024,,pham.thanh.chi@gmail.com,CC8150427690,Nam A bank,6817577818
Hoàng Ngọc Thắng,False,,Việt Nam,,58149,Quảng Nam,Số 393 Đường Hoàng,,0787362526,,hoang.ngoc.thang@gmail.com,CC2776651841,OCB,3584458096
Chu Phương Quân,False,,Việt Nam,,66477,Đà Nẵng,Số 925 Đường Chu,,0845401513,,chu.phuong.quan@gmail.com,CC4313327138,TP Bank,2665196657
Tạ Đức Thắng,False,,Việt Nam,,89186,Đồng Nai,Số 586 Đường Tạ,,0106388032,,ta.đuc.thang@gmail.com,CC8915095232,OCB,7051721370
Đặng Thùy Hương,False,,Việt Nam,,16349,Thừa Thiên - Huế,Số 724 Đường Đặng,,0338739094,,đang.thuy.huong@gmail.com,CC5017864104,Nam A bank,2729010811
Phạm Minh Tùng,False,,Việt Nam,,97755,Hà Nội,Số 88 Đường Phạm,,0236983163,,pham.minh.tung@gmail.com,CC6730356008,Exim Bank,6297312677
Trần Thành Quốc,False,,Việt Nam,,36866,Phú Yên,Số 477 Đường Trần,,0387159376,,tran.thanh.quoc@gmail.com,CC1254172534,ACB,3874277612
Lý Tú Thịnh,False,,Việt Nam,,29099,Phú Yên,Số 451 Đường Lý,,0700802247,,ly.tu.thinh@gmail.com,CC5833273628,Vietcombank,3114225539
Chu Linh Long,False,,Việt Nam,,20239,Quảng Ngãi,Số 636 Đường Chu,,0771564957,,chu.linh.long@gmail.com,CC2391310785,ACB,2033993520
Hoàng Bích Trang,False,,Việt Nam,,64639,Quảng Nam,Số 499 Đường Hoàng,,0818995923,,hoang.bich.trang@gmail.com,CC2904783886,MB Bank,8924461563
Mai Dương Tùng,False,,Việt Nam,,18244,Điện Biên,Số 446 Đường Mai,,0231568166,,mai.duong.tung@gmail.com,CC6218347001,Sacombank,3934769486
Ngô Văn Hà,False,,Việt Nam,,48809,Ninh Bình,Số 798 Đường Ngô,,0222563507,,ngo.van.ha@gmail.com,CC9660055148,Vietcombank,4658508225
Dương Quốc Vy,False,,Việt Nam,,22250,Đà Nẵng,Số 907 Đường Dương,,0652516753,,duong.quoc.vy@gmail.com,CC1776330473,Nam A bank,5761558313
Trần Quang Anh,False,,Việt Nam,,29231,Bình Dương,Số 837 Đường Trần,,0519243771,,tran.quang.anh@gmail.com,CC7372200264,MSB,6364786676
Huỳnh Bích Hương,False,,Việt Nam,,46353,Hải Phòng,Số 496 Đường Huỳnh,,0839480010,,huynh.bich.huong@gmail.com,CC4371370570,Sacombank,7686116894
Lê Phương Liên,False,,Việt Nam,,60255,Lâm Đồng,Số 783 Đường Lê,,0684787046,,le.phuong.lien@gmail.com,CC1206188295,TP Bank,2183741780
Lý Kim Giang,False,,Việt Nam,,97881,Ninh Thuận,Số 778 Đường Lý,,0481573287,,ly.kim.giang@gmail.com,CC8159577030,TP Bank,1925457059
Trần Đức Trung,False,,Việt Nam,,69920,Hà Nội,Số 833 Đường Trần,,0159305551,,tran.đuc.trung@gmail.com,CC3412699573,Techcombank,6941442117
Đỗ Thị Tùng,False,,Việt Nam,,41762,Quảng Ngãi,Số 490 Đường Đỗ,,0361260902,,đo.thi.tung@gmail.com,CC6053224675,ACB,7283208134
Tạ Thành Nhi,False,,Việt Nam,,93229,Ninh Bình,Số 891 Đường Tạ,,0294107517,,ta.thanh.nhi@gmail.com,CC7813405678,Nam A bank,9115621689
Hoàng Tú Thủy,False,,Việt Nam,,41271,Đồng Nai,Số 554 Đường Hoàng,,0499147385,,hoang.tu.thuy@gmail.com,CC2755359558,ACB,9929394468
Trần Dương Quân,False,,Việt Nam,,29795,Bình Thuận,Số 223 Đường Trần,,0339632987,,tran.duong.quan@gmail.com,CC1116147493,OCB,9031072045
Hồ Dương Khánh,False,,Việt Nam,,51641,Quảng Ninh,Số 209 Đường Hồ,,0226674063,,ho.duong.khanh@gmail.com,CC9005468747,Techcombank,1906425483
Đỗ Thùy Sơn,False,,Việt Nam,,37632,Quảng Ninh,Số 691 Đường Đỗ,,0583746639,,đo.thuy.son@gmail.com,CC1591797323,Vietcombank,9918698684
Phan Văn Bảo,False,,Việt Nam,,11558,Phú Yên,Số 17 Đường Phan,,0972590571,,phan.van.bao@gmail.com,CC3265974164,Sacombank,5541390682
Phạm Thị Hà,False,,Việt Nam,,41711,Cà Mau,Số 267 Đường Phạm,,0418334589,,pham.thi.ha@gmail.com,CC7330525562,VietinBank,3984020449
Trần Yến Long,False,,Việt Nam,,86222,Hải Phòng,Số 500 Đường Trần,,0242768996,,tran.yen.long@gmail.com,CC2412404936,Exim Bank,3390351884
Tạ Ngọc Hương,False,,Việt Nam,,44212,Thừa Thiên - Huế,Số 88 Đường Tạ,,0429731350,,ta.ngoc.huong@gmail.com,CC7096864792,ACB,9805018332
Phan Đức Dũng,False,,Việt Nam,,48489,An Giang,Số 496 Đường Phan,,0333397960,,phan.đuc.dung@gmail.com,CC7976713630,Nam A bank,3473339528
Chu Bích Thủy,False,,Việt Nam,,19778,Quảng Ninh,Số 972 Đường Chu,,0643458732,,chu.bich.thuy@gmail.com,CC8596091411,BIDV,6288031264
Huỳnh Ngọc Hương,False,,Việt Nam,,85529,Lâm Đồng,Số 119 Đường Huỳnh,,0655945424,,huynh.ngoc.huong@gmail.com,CC7806110268,VietinBank,8421338980
Lý Yến Thuận,False,,Việt Nam,,50480,Đồng Nai,Số 425 Đường Lý,,0434969264,,ly.yen.thuan@gmail.com,CC6967241885,BIDV,7550631342
Hồ Kim Thủy,False,,Việt Nam,,49628,Hồ Chí Minh,Số 120 Đường Hồ,,0851151461,,ho.kim.thuy@gmail.com,CC4065162963,Vietcombank,2925050652
Nguyễn Ngọc Thắng,False,,Việt Nam,,90932,Lâm Đồng,Số 618 Đường Nguyễn,,0484298223,,nguyen.ngoc.thang@gmail.com,CC8600397098,Sacombank,2198881450
Đặng Thùy Hà,False,,Việt Nam,,49678,Đà Lạt,Số 499 Đường Đặng,,0468289667,,đang.thuy.ha@gmail.com,CC5814300961,Vietcombank,5085479455
Tạ Tú Châu,False,,Việt Nam,,23888,Cần Thơ,Số 546 Đường Tạ,,0157667431,,ta.tu.chau@gmail.com,CC3791288762,ACB,6815105390
Đỗ Thùy Nhi,False,,Việt Nam,,74737,Lai Châu,Số 191 Đường Đỗ,,0382318811,,đo.thuy.nhi@gmail.com,CC7860118683,VietinBank,6162206939
Huỳnh Tú Khánh,False,,Việt Nam,,18778,Phú Yên,Số 509 Đường Huỳnh,,0780638612,,huynh.tu.khanh@gmail.com,CC3229873964,Nam A bank,5036512228
Huỳnh Thị Anh,False,,Việt Nam,,37604,Ninh Thuận,Số 962 Đường Huỳnh,,0745391895,,huynh.thi.anh@gmail.com,CC2963343973,TP Bank,7094523891
Nguyễn Bích Khánh,False,,Việt Nam,,41168,Đồng Nai,Số 466 Đường Nguyễn,,0316373596,,nguyen.bich.khanh@gmail.com,CC4204322130,Exim Bank,3122719602
Lý Minh Thuận,False,,Việt Nam,,58012,Hà Nội,Số 936 Đường Lý,,0799781256,,ly.minh.thuan@gmail.com,CC3366348280,Exim Bank,6676520705
Tạ Đức Hương,False,,Việt Nam,,50769,Kiên Giang,Số 500 Đường Tạ,,0461279486,,ta.đuc.huong@gmail.com,CC1810658798,Techcombank,9487134313
Phạm Yến Trung,False,,Việt Nam,,14498,Hà Giang,Số 935 Đường Phạm,,0527584402,,pham.yen.trung@gmail.com,CC2571129854,Sacombank,4438104312
Đỗ Đức Dũng,False,,Việt Nam,,88658,Điện Biên,Số 799 Đường Đỗ,,0490768568,,đo.đuc.dung@gmail.com,CC3731227507,Vietcombank,4777283586
Chu Yến Long,False,,Việt Nam,,70043,Ninh Bình,Số 713 Đường Chu,,0128354593,,chu.yen.long@gmail.com,CC9663826007,Techcombank,8640220178
Lý Dương Quang,False,,Việt Nam,,60359,Cần Thơ,Số 615 Đường Lý,,0383583994,,ly.duong.quang@gmail.com,CC3228166417,Nam A bank,3155631937
Dương Quốc Nhi,False,,Việt Nam,,80509,Hồ Chí Minh,Số 417 Đường Dương,,0777886660,,duong.quoc.nhi@gmail.com,CC6981867468,Vietcombank,6174920383
Hoàng Thị Anh,False,,Việt Nam,,41071,Cà Mau,Số 208 Đường Hoàng,,0944944371,,hoang.thi.anh@gmail.com,CC4181765371,Nam A bank,5874538762
Tạ Minh Hương,False,,Việt Nam,,99844,Bình Dương,Số 696 Đường Tạ,,0675439642,,ta.minh.huong@gmail.com,CC2769907198,Vietcombank,8779031766
Mai Linh Bảo,False,,Việt Nam,,48848,Thừa Thiên - Huế,Số 247 Đường Mai,,0824855133,,mai.linh.bao@gmail.com,CC4646402069,Vietcombank,6836820038
Dương Thanh Thuận,False,,Việt Nam,,53711,An Giang,Số 339 Đường Dương,,0903731264,,duong.thanh.thuan@gmail.com,CC5521757234,BIDV,8740499481
Dương Minh Hiếu,False,,Việt Nam,,35599,Quảng Bình,Số 42 Đường Dương,,0850605419,,duong.minh.hieu@gmail.com,CC9503160536,VietinBank,8312975934
Lý Quang Anh,False,,Việt Nam,,51159,Hà Nội,Số 728 Đường Lý,,0436181143,,ly.quang.anh@gmail.com,CC8158364872,VietinBank,3869069271
Lê Hồng Khánh,False,,Việt Nam,,57984,Lâm Đồng,Số 279 Đường Lê,,0595379265,,le.hong.khanh@gmail.com,CC4653176994,Exim Bank,8880389235
Phạm Minh Bình,False,,Việt Nam,,46217,Đồng Nai,Số 415 Đường Phạm,,0530336400,,pham.minh.binh@gmail.com,CC1660548192,Techcombank,4866410458
Phan Quốc Giang,False,,Việt Nam,,33298,Lai Châu,Số 17 Đường Phan,,0127291739,,phan.quoc.giang@gmail.com,CC6397774018,OCB,2531159734
Hoàng Đức Liên,False,,Việt Nam,,96088,Hải Phòng,Số 817 Đường Hoàng,,0183630482,,hoang.đuc.lien@gmail.com,CC9778010666,Exim Bank,7403428169
Nguyễn Tú Chi,False,,Việt Nam,,13073,Phú Yên,Số 745 Đường Nguyễn,,0759389343,,nguyen.tu.chi@gmail.com,CC5000926775,Sacombank,7325322033
